,Smax,Smin,z0,Dt,D,max(dS/dz)
obs,30.046384249666406,1.4565959648534008,-7.287367385074354,0.9013437909268627,4.172887920957697e-05,-18.633871998629647
RUN020l,28.868163599891567,0.19461171902018445,-6.547980547885677,2.8823243724689656,0.0001334409431698595,-10.807358760370297
