,Smax,Smin,z0,Dt,D,max(dS/dz)
obs,30.046384249666406,1.4565959648534008,-7.287367385074354,0.9013437909268627,4.172887920957697e-05,-18.633871998629647
RUN020e,20.65438194335013,-0.3305558548229923,-6.287359428019551,11.093601417315124,0.0005135926582090335,-3.6604038451955194
