,Smax,Smin,z0,Dt,D,max(dS/dz)
obs,30.046384249666406,1.4565959648534008,-7.287367385074354,0.9013437909268627,4.172887920957697e-05,-18.633871998629647
RUN017a,27.857947092820577,0.2137258288421555,-6.477209829360147,3.753319089037229,0.00017376477264061246,-8.495598282735255
