,Smax,Smin,z0,Dt,D,max(dS/dz)
obs,30.046384249666406,1.4565959648534008,-7.287367385074354,0.9013437909268627,4.172887920957697e-05,-18.633871998629647
RUN013c,27.888314487473245,0.43991185599328303,-6.072859055388131,3.5612507880941613,0.000164872721671026,-8.618118375640332
