,Smax,Smin,z0,Dt,D,max(dS/dz)
obs,30.046384249666406,1.4565959648534008,-7.287367385074354,0.9013437909268627,4.172887920957697e-05,-18.633871998629647
RUN003e,30.862528078596373,0.5470828958292073,-4.97250569654153,5.508749713432247,0.00025503470895519664,-7.827016713452601
