,Smax,Smin,z0,Dt,D,max(dS/dz)
obs,30.046384249666406,1.4565959648534008,-7.287367385074354,0.9013437909268627,4.172887920957697e-05,-18.633871998629647
RUN003b,31.73212884540923,-0.0008453137057382579,-4.935438969349626,6.978427651576063,0.00032307535423963256,-7.453932252096421
